<?xml version="1.0" encoding="UTF-8"?>
<connections version="1.0" xmlns:xsi="http://www.w3.org/2001/XMLSchema-instance" xsi:noNamespaceSchemaLocation="http://sumo.dlr.de/xsd/connections_file.xsd">
    <!-- Only allow straight-through movements at each junction -->
    
    <!-- Junction J1 -->
    <connection from="EN1_1" to="E1_2" fromLane="0" toLane="0"/>
    <connection from="EN5_1" to="E1_4" fromLane="0" toLane="0"/>
    
    <!-- Junction J2 -->
    <connection from="E1_2" to="E2_3" fromLane="0" toLane="0"/>
    <connection from="EN6_2" to="E2_5" fromLane="0" toLane="0"/>
    
    <!-- Junction J3 -->
    <connection from="E2_3" to="E3_N2" fromLane="0" toLane="0"/>
    <connection from="EN7_3" to="E3_6" fromLane="0" toLane="0"/>
    
    <!-- Junction J4 -->
    <connection from="EN3_4" to="E4_5" fromLane="0" toLane="0"/>
    <connection from="E1_4" to="E4_N8" fromLane="0" toLane="0"/>
    
    <!-- Junction J5 -->
    <connection from="E4_5" to="E5_6" fromLane="0" toLane="0"/>
    <connection from="E2_5" to="E5_N9" fromLane="0" toLane="0"/>
    
    <!-- Junction J6 -->
    <connection from="E5_6" to="E6_N4" fromLane="0" toLane="0"/>
    <connection from="E3_6" to="E6_N10" fromLane="0" toLane="0"/>
</connections>
