<?xml version="1.0" encoding="UTF-8"?>
<edges version="1.0" xmlns:xsi="http://www.w3.org/2001/XMLSchema-instance" xsi:noNamespaceSchemaLocation="http://sumo.dlr.de/xsd/edges_file.xsd">
    <!-- Horizontal edges (main grid) -->
    <edge id="E1_2" from="J1" to="J2" priority="2" numLanes="1" speed="13.89"/>
    <edge id="E2_3" from="J2" to="J3" priority="2" numLanes="1" speed="13.89"/>
    <edge id="E4_5" from="J4" to="J5" priority="2" numLanes="1" speed="13.89"/>
    <edge id="E5_6" from="J5" to="J6" priority="2" numLanes="1" speed="13.89"/>
    
    <!-- Vertical edges (main grid) -->
    <edge id="E1_4" from="J1" to="J4" priority="2" numLanes="1" speed="13.89"/>
    <edge id="E2_5" from="J2" to="J5" priority="2" numLanes="1" speed="13.89"/>
    <edge id="E3_6" from="J3" to="J6" priority="2" numLanes="1" speed="13.89"/>
    
    <!-- External connections -->
    <edge id="EN1_1" from="N1" to="J1" priority="1" numLanes="1" speed="13.89"/>
    <edge id="E3_N2" from="J3" to="N2" priority="1" numLanes="1" speed="13.89"/>
    <edge id="EN3_4" from="N3" to="J4" priority="1" numLanes="1" speed="13.89"/>
    <edge id="E6_N4" from="J6" to="N4" priority="1" numLanes="1" speed="13.89"/>
    <edge id="EN5_1" from="N5" to="J1" priority="1" numLanes="1" speed="13.89"/>
    <edge id="EN6_2" from="N6" to="J2" priority="1" numLanes="1" speed="13.89"/>
    <edge id="EN7_3" from="N7" to="J3" priority="1" numLanes="1" speed="13.89"/>
    <edge id="E4_N8" from="J4" to="N8" priority="1" numLanes="1" speed="13.89"/>
    <edge id="E5_N9" from="J5" to="N9" priority="1" numLanes="1" speed="13.89"/>
    <edge id="E6_N10" from="J6" to="N10" priority="1" numLanes="1" speed="13.89"/>
</edges>
