<?xml version="1.0" encoding="UTF-8"?>

<!-- generated on 2025-05-28 11:20:50 by Eclipse SUMO netedit Version v1_23_0+0017-d43872979d0
<neteditConfiguration xmlns:xsi="http://www.w3.org/2001/XMLSchema-instance" xsi:noNamespaceSchemaLocation="http://sumo.dlr.de/xsd/neteditConfiguration.xsd">

    <input>
        <sumocfg-file value="/Users/debanilguha/Desktop/Exercise_1_solved/sumo_conf_files/network.sumocfg"/>
        <route-files value="/Users/debanilguha/Desktop/Exercise_1_solved/sumo_conf_files/routes.rou.xml"/>
        <sumo-net-file value="/Users/debanilguha/Desktop/Exercise_1_solved/sumo_conf_files/network.net.xml"/>
    </input>

    <output>
        <output-file value="/Users/debanilguha/Desktop/Exercise_1_solved/sumo_conf_files/network.net.xml"/>
    </output>

    <processing>
        <geometry.min-radius.fix.railways value="false"/>
        <geometry.avoid-overlap value="false"/>
        <geometry.max-grade.fix value="false"/>
        <offset.disable-normalization value="true"/>
        <lefthand value="0"/>
    </processing>

    <junctions>
        <no-turnarounds value="true"/>
        <junctions.corner-detail value="5"/>
        <junctions.limit-turn-speed value="5.50"/>
        <rectangular-lane-cut value="0"/>
    </junctions>

    <pedestrian>
        <walkingareas value="0"/>
    </pedestrian>

</neteditConfiguration>
-->

<net version="1.20" junctionCornerDetail="5" limitTurnSpeed="5.50" avoidOverlap="0" xmlns:xsi="http://www.w3.org/2001/XMLSchema-instance" xsi:noNamespaceSchemaLocation="http://sumo.dlr.de/xsd/net_file.xsd">

    <location netOffset="50.00,50.00" convBoundary="0.00,0.00,300.00,200.00" origBoundary="-50.00,-50.00,250.00,150.00" projParameter="!"/>

    <edge id=":J1_0" function="internal">
        <lane id=":J1_0_0" index="0" speed="13.89" length="11.20" shape="48.40,154.00 48.40,142.80"/>
    </edge>
    <edge id=":J1_1" function="internal">
        <lane id=":J1_1_0" index="0" speed="13.89" length="11.20" shape="42.80,148.40 54.00,148.40"/>
    </edge>
    <edge id=":J2_0" function="internal">
        <lane id=":J2_0_0" index="0" speed="13.89" length="11.20" shape="148.40,154.00 148.40,142.80"/>
    </edge>
    <edge id=":J2_1" function="internal">
        <lane id=":J2_1_0" index="0" speed="13.89" length="11.20" shape="142.80,148.40 154.00,148.40"/>
    </edge>
    <edge id=":J3_0" function="internal">
        <lane id=":J3_0_0" index="0" speed="13.89" length="11.20" shape="248.40,154.00 248.40,142.80"/>
    </edge>
    <edge id=":J3_1" function="internal">
        <lane id=":J3_1_0" index="0" speed="13.89" length="11.20" shape="242.80,148.40 254.00,148.40"/>
    </edge>
    <edge id=":J4_0" function="internal">
        <lane id=":J4_0_0" index="0" speed="13.89" length="11.20" shape="48.40,54.00 48.40,42.80"/>
    </edge>
    <edge id=":J4_1" function="internal">
        <lane id=":J4_1_0" index="0" speed="13.89" length="11.20" shape="42.80,48.40 54.00,48.40"/>
    </edge>
    <edge id=":J5_0" function="internal">
        <lane id=":J5_0_0" index="0" speed="13.89" length="11.20" shape="148.40,54.00 148.40,42.80"/>
    </edge>
    <edge id=":J5_1" function="internal">
        <lane id=":J5_1_0" index="0" speed="13.89" length="11.20" shape="142.80,48.40 154.00,48.40"/>
    </edge>
    <edge id=":J6_0" function="internal">
        <lane id=":J6_0_0" index="0" speed="13.89" length="11.20" shape="248.40,54.00 248.40,42.80"/>
    </edge>
    <edge id=":J6_1" function="internal">
        <lane id=":J6_1_0" index="0" speed="13.89" length="11.20" shape="242.80,48.40 254.00,48.40"/>
    </edge>

    <edge id="E1_2" from="J1" to="J2" priority="2">
        <lane id="E1_2_0" index="0" speed="13.89" length="88.80" shape="54.00,148.40 142.80,148.40"/>
    </edge>
    <edge id="E1_4" from="J1" to="J4" priority="2">
        <lane id="E1_4_0" index="0" speed="13.89" length="88.80" shape="48.40,142.80 48.40,54.00"/>
    </edge>
    <edge id="E2_3" from="J2" to="J3" priority="2">
        <lane id="E2_3_0" index="0" speed="13.89" length="88.80" shape="154.00,148.40 242.80,148.40"/>
    </edge>
    <edge id="E2_5" from="J2" to="J5" priority="2">
        <lane id="E2_5_0" index="0" speed="13.89" length="88.80" shape="148.40,142.80 148.40,54.00"/>
    </edge>
    <edge id="E3_6" from="J3" to="J6" priority="2">
        <lane id="E3_6_0" index="0" speed="13.89" length="88.80" shape="248.40,142.80 248.40,54.00"/>
    </edge>
    <edge id="E3_N2" from="J3" to="N2" priority="1">
        <lane id="E3_N2_0" index="0" speed="13.89" length="46.00" shape="254.00,148.40 300.00,148.40"/>
    </edge>
    <edge id="E4_5" from="J4" to="J5" priority="2">
        <lane id="E4_5_0" index="0" speed="13.89" length="88.80" shape="54.00,48.40 142.80,48.40"/>
    </edge>
    <edge id="E4_N8" from="J4" to="N8" priority="1">
        <lane id="E4_N8_0" index="0" speed="13.89" length="42.80" shape="48.40,42.80 48.40,-0.00"/>
    </edge>
    <edge id="E5_6" from="J5" to="J6" priority="2">
        <lane id="E5_6_0" index="0" speed="13.89" length="88.80" shape="154.00,48.40 242.80,48.40"/>
    </edge>
    <edge id="E5_N9" from="J5" to="N9" priority="1">
        <lane id="E5_N9_0" index="0" speed="13.89" length="42.80" shape="148.40,42.80 148.40,-0.00"/>
    </edge>
    <edge id="E6_N10" from="J6" to="N10" priority="1">
        <lane id="E6_N10_0" index="0" speed="13.89" length="42.80" shape="248.40,42.80 248.40,-0.00"/>
    </edge>
    <edge id="E6_N4" from="J6" to="N4" priority="1">
        <lane id="E6_N4_0" index="0" speed="13.89" length="46.00" shape="254.00,48.40 300.00,48.40"/>
    </edge>
    <edge id="EN1_1" from="N1" to="J1" priority="1">
        <lane id="EN1_1_0" index="0" speed="13.89" length="42.80" shape="-0.00,148.40 42.80,148.40"/>
    </edge>
    <edge id="EN3_4" from="N3" to="J4" priority="1">
        <lane id="EN3_4_0" index="0" speed="13.89" length="42.80" shape="-0.00,48.40 42.80,48.40"/>
    </edge>
    <edge id="EN5_1" from="N5" to="J1" priority="1">
        <lane id="EN5_1_0" index="0" speed="13.89" length="46.00" shape="48.40,200.00 48.40,154.00"/>
    </edge>
    <edge id="EN6_2" from="N6" to="J2" priority="1">
        <lane id="EN6_2_0" index="0" speed="13.89" length="46.00" shape="148.40,200.00 148.40,154.00"/>
    </edge>
    <edge id="EN7_3" from="N7" to="J3" priority="1">
        <lane id="EN7_3_0" index="0" speed="13.89" length="46.00" shape="248.40,200.00 248.40,154.00"/>
    </edge>

    <tlLogic id="J1" type="actuated" programID="0" offset="0">
        <phase duration="30" state="Grr" minDur="5" maxDur="50"/>
        <phase duration="60" state="yrr"/>
        <phase duration="30" state="rGr" minDur="5" maxDur="50"/>
        <phase duration="60" state="ryr"/>
    </tlLogic>
    <tlLogic id="J1" type="actuated" programID="1" offset="0">
        <phase duration="30" state="Grr" minDur="5" maxDur="50"/>
        <phase duration="60" state="yrr"/>
        <phase duration="30" state="rGr" minDur="5" maxDur="50"/>
        <phase duration="60" state="ryr"/>
    </tlLogic>
    <tlLogic id="J2" type="static" programID="0" offset="0">
        <phase duration="42" state="Gr"/>
        <phase duration="3"  state="yr"/>
        <phase duration="42" state="rG"/>
        <phase duration="3"  state="ry"/>
    </tlLogic>
    <tlLogic id="J3" type="static" programID="0" offset="0">
        <phase duration="42" state="Gr"/>
        <phase duration="3"  state="yr"/>
        <phase duration="42" state="rG"/>
        <phase duration="3"  state="ry"/>
    </tlLogic>
    <tlLogic id="J3" type="static" programID="1" offset="0">
        <phase duration="42" state="Gr"/>
        <phase duration="3"  state="yr"/>
        <phase duration="42" state="rG"/>
        <phase duration="3"  state="ry"/>
    </tlLogic>
    <tlLogic id="J4" type="delay_based" programID="0" offset="0">
        <phase duration="42" state="Gr" minDur="5" maxDur="50"/>
        <phase duration="3"  state="yr"/>
        <phase duration="42" state="rG" minDur="5" maxDur="50"/>
        <phase duration="3"  state="ry"/>
    </tlLogic>
    <tlLogic id="J4" type="delay_based" programID="1" offset="0">
        <phase duration="42" state="Gr" minDur="5" maxDur="50"/>
        <phase duration="3"  state="yr"/>
        <phase duration="42" state="rG" minDur="5" maxDur="50"/>
        <phase duration="3"  state="ry"/>
    </tlLogic>
    <tlLogic id="J5" type="static" programID="0" offset="0">
        <phase duration="42" state="Gr"/>
        <phase duration="3"  state="yr"/>
        <phase duration="42" state="rG"/>
        <phase duration="3"  state="ry"/>
    </tlLogic>
    <tlLogic id="J5" type="static" programID="1" offset="0">
        <phase duration="42" state="Gr"/>
        <phase duration="3"  state="yr"/>
        <phase duration="42" state="rG"/>
        <phase duration="3"  state="ry"/>
    </tlLogic>
    <tlLogic id="J6" type="static" programID="0" offset="0">
        <phase duration="42" state="Gr"/>
        <phase duration="3"  state="yr"/>
        <phase duration="42" state="rG"/>
        <phase duration="3"  state="ry"/>
    </tlLogic>

    <junction id="J1" type="traffic_light" x="50.00" y="150.00" incLanes="EN5_1_0 EN1_1_0" intLanes=":J1_0_0 :J1_1_0" shape="46.80,154.00 50.00,154.00 50.44,151.78 51.00,151.00 51.78,150.44 52.78,150.11 54.00,150.00 54.00,146.80 51.78,146.36 51.00,145.80 50.44,145.02 50.11,144.02 50.00,142.80 46.80,142.80 46.36,145.02 45.80,145.80 45.02,146.36 44.02,146.69 42.80,146.80 42.80,150.00 45.02,150.44 45.80,151.00 46.36,151.78 46.69,152.78">
        <request index="0" response="10" foes="10" cont="0"/>
        <request index="1" response="00" foes="01" cont="0"/>
    </junction>
    <junction id="J2" type="traffic_light" x="150.00" y="150.00" incLanes="EN6_2_0 E1_2_0" intLanes=":J2_0_0 :J2_1_0" shape="146.80,154.00 150.00,154.00 150.44,151.78 151.00,151.00 151.78,150.44 152.78,150.11 154.00,150.00 154.00,146.80 151.78,146.36 151.00,145.80 150.44,145.02 150.11,144.02 150.00,142.80 146.80,142.80 146.36,145.02 145.80,145.80 145.02,146.36 144.02,146.69 142.80,146.80 142.80,150.00 145.02,150.44 145.80,151.00 146.36,151.78 146.69,152.78">
        <request index="0" response="10" foes="10" cont="0"/>
        <request index="1" response="00" foes="01" cont="0"/>
    </junction>
    <junction id="J3" type="traffic_light" x="250.00" y="150.00" incLanes="EN7_3_0 E2_3_0" intLanes=":J3_0_0 :J3_1_0" shape="246.80,154.00 250.00,154.00 250.44,151.78 251.00,151.00 251.78,150.44 252.78,150.11 254.00,150.00 254.00,146.80 251.78,146.36 251.00,145.80 250.44,145.02 250.11,144.02 250.00,142.80 246.80,142.80 246.36,145.02 245.80,145.80 245.02,146.36 244.02,146.69 242.80,146.80 242.80,150.00 245.02,150.44 245.80,151.00 246.36,151.78 246.69,152.78">
        <request index="0" response="10" foes="10" cont="0"/>
        <request index="1" response="00" foes="01" cont="0"/>
    </junction>
    <junction id="J4" type="traffic_light" x="50.00" y="50.00" incLanes="E1_4_0 EN3_4_0" intLanes=":J4_0_0 :J4_1_0" shape="46.80,54.00 50.00,54.00 50.44,51.78 51.00,51.00 51.78,50.44 52.78,50.11 54.00,50.00 54.00,46.80 51.78,46.36 51.00,45.80 50.44,45.02 50.11,44.02 50.00,42.80 46.80,42.80 46.36,45.02 45.80,45.80 45.02,46.36 44.02,46.69 42.80,46.80 42.80,50.00 45.02,50.44 45.80,51.00 46.36,51.78 46.69,52.78">
        <request index="0" response="10" foes="10" cont="0"/>
        <request index="1" response="00" foes="01" cont="0"/>
    </junction>
    <junction id="J5" type="traffic_light" x="150.00" y="50.00" incLanes="E2_5_0 E4_5_0" intLanes=":J5_0_0 :J5_1_0" shape="146.80,54.00 150.00,54.00 150.44,51.78 151.00,51.00 151.78,50.44 152.78,50.11 154.00,50.00 154.00,46.80 151.78,46.36 151.00,45.80 150.44,45.02 150.11,44.02 150.00,42.80 146.80,42.80 146.36,45.02 145.80,45.80 145.02,46.36 144.02,46.69 142.80,46.80 142.80,50.00 145.02,50.44 145.80,51.00 146.36,51.78 146.69,52.78">
        <request index="0" response="10" foes="10" cont="0"/>
        <request index="1" response="00" foes="01" cont="0"/>
    </junction>
    <junction id="J6" type="traffic_light" x="250.00" y="50.00" incLanes="E3_6_0 E5_6_0" intLanes=":J6_0_0 :J6_1_0" shape="246.80,54.00 250.00,54.00 250.44,51.78 251.00,51.00 251.78,50.44 252.78,50.11 254.00,50.00 254.00,46.80 251.78,46.36 251.00,45.80 250.44,45.02 250.11,44.02 250.00,42.80 246.80,42.80 246.36,45.02 245.80,45.80 245.02,46.36 244.02,46.69 242.80,46.80 242.80,50.00 245.02,50.44 245.80,51.00 246.36,51.78 246.69,52.78">
        <request index="0" response="10" foes="10" cont="0"/>
        <request index="1" response="00" foes="01" cont="0"/>
    </junction>
    <junction id="N1" type="dead_end" x="0.00" y="150.00" incLanes="" intLanes="" shape="-0.00,150.00 -0.00,146.80"/>
    <junction id="N10" type="dead_end" x="250.00" y="0.00" incLanes="E6_N10_0" intLanes="" shape="246.80,-0.00 250.00,-0.00"/>
    <junction id="N2" type="dead_end" x="300.00" y="150.00" incLanes="E3_N2_0" intLanes="" shape="300.00,146.80 300.00,150.00"/>
    <junction id="N3" type="dead_end" x="0.00" y="50.00" incLanes="" intLanes="" shape="-0.00,50.00 -0.00,46.80"/>
    <junction id="N4" type="dead_end" x="300.00" y="50.00" incLanes="E6_N4_0" intLanes="" shape="300.00,46.80 300.00,50.00"/>
    <junction id="N5" type="dead_end" x="50.00" y="200.00" incLanes="" intLanes="" shape="50.00,200.00 46.80,200.00"/>
    <junction id="N6" type="dead_end" x="150.00" y="200.00" incLanes="" intLanes="" shape="150.00,200.00 146.80,200.00"/>
    <junction id="N7" type="dead_end" x="250.00" y="200.00" incLanes="" intLanes="" shape="250.00,200.00 246.80,200.00"/>
    <junction id="N8" type="dead_end" x="50.00" y="0.00" incLanes="E4_N8_0" intLanes="" shape="46.80,-0.00 50.00,-0.00"/>
    <junction id="N9" type="dead_end" x="150.00" y="0.00" incLanes="E5_N9_0" intLanes="" shape="146.80,-0.00 150.00,-0.00"/>

    <connection from="E1_2" to="E2_3" fromLane="0" toLane="0" via=":J2_1_0" tl="J2" linkIndex="1" dir="s" state="O"/>
    <connection from="E1_4" to="E4_N8" fromLane="0" toLane="0" via=":J4_0_0" tl="J4" linkIndex="0" dir="s" state="o"/>
    <connection from="E2_3" to="E3_N2" fromLane="0" toLane="0" via=":J3_1_0" tl="J3" linkIndex="1" dir="s" state="O"/>
    <connection from="E2_5" to="E5_N9" fromLane="0" toLane="0" via=":J5_0_0" tl="J5" linkIndex="0" dir="s" state="o"/>
    <connection from="E3_6" to="E6_N10" fromLane="0" toLane="0" via=":J6_0_0" tl="J6" linkIndex="0" dir="s" state="o"/>
    <connection from="E4_5" to="E5_6" fromLane="0" toLane="0" via=":J5_1_0" tl="J5" linkIndex="1" dir="s" state="O"/>
    <connection from="E5_6" to="E6_N4" fromLane="0" toLane="0" via=":J6_1_0" tl="J6" linkIndex="1" dir="s" state="O"/>
    <connection from="EN1_1" to="E1_2" fromLane="0" toLane="0" via=":J1_1_0" tl="J1" linkIndex="1" dir="s" state="O"/>
    <connection from="EN3_4" to="E4_5" fromLane="0" toLane="0" via=":J4_1_0" tl="J4" linkIndex="1" dir="s" state="O"/>
    <connection from="EN5_1" to="E1_4" fromLane="0" toLane="0" via=":J1_0_0" tl="J1" linkIndex="0" dir="s" state="o"/>
    <connection from="EN6_2" to="E2_5" fromLane="0" toLane="0" via=":J2_0_0" tl="J2" linkIndex="0" dir="s" state="o"/>
    <connection from="EN7_3" to="E3_6" fromLane="0" toLane="0" via=":J3_0_0" tl="J3" linkIndex="0" dir="s" state="o"/>

    <connection from=":J1_0" to="E1_4" fromLane="0" toLane="0" dir="s" state="M"/>
    <connection from=":J1_1" to="E1_2" fromLane="0" toLane="0" dir="s" state="M"/>
    <connection from=":J2_0" to="E2_5" fromLane="0" toLane="0" dir="s" state="M"/>
    <connection from=":J2_1" to="E2_3" fromLane="0" toLane="0" dir="s" state="M"/>
    <connection from=":J3_0" to="E3_6" fromLane="0" toLane="0" dir="s" state="M"/>
    <connection from=":J3_1" to="E3_N2" fromLane="0" toLane="0" dir="s" state="M"/>
    <connection from=":J4_0" to="E4_N8" fromLane="0" toLane="0" dir="s" state="M"/>
    <connection from=":J4_1" to="E4_5" fromLane="0" toLane="0" dir="s" state="M"/>
    <connection from=":J5_0" to="E5_N9" fromLane="0" toLane="0" dir="s" state="M"/>
    <connection from=":J5_1" to="E5_6" fromLane="0" toLane="0" dir="s" state="M"/>
    <connection from=":J6_0" to="E6_N10" fromLane="0" toLane="0" dir="s" state="M"/>
    <connection from=":J6_1" to="E6_N4" fromLane="0" toLane="0" dir="s" state="M"/>

</net>
