<?xml version="1.0" encoding="UTF-8"?>
<nodes version="1.0" xmlns:xsi="http://www.w3.org/2001/XMLSchema-instance" xsi:noNamespaceSchemaLocation="http://sumo.dlr.de/xsd/nodes_file.xsd">
    <!-- Intersection nodes -->
    <node id="J1" x="0.0" y="100.0" type="priority"/>
    <node id="J2" x="100.0" y="100.0" type="priority"/>
    <node id="J3" x="200.0" y="100.0" type="priority"/>
    <node id="J4" x="0.0" y="0.0" type="priority"/>
    <node id="J5" x="100.0" y="0.0" type="priority"/>
    <node id="J6" x="200.0" y="0.0" type="priority"/>
    
    <!-- External connection nodes -->
    <node id="N1" x="-50.0" y="100.0" type="priority"/>
    <node id="N2" x="250.0" y="100.0" type="priority"/>
    <node id="N3" x="-50.0" y="0.0" type="priority"/>
    <node id="N4" x="250.0" y="0.0" type="priority"/>
    <node id="N5" x="0.0" y="150.0" type="priority"/>
    <node id="N6" x="100.0" y="150.0" type="priority"/>
    <node id="N7" x="200.0" y="150.0" type="priority"/>
    <node id="N8" x="0.0" y="-50.0" type="priority"/>
    <node id="N9" x="100.0" y="-50.0" type="priority"/>
    <node id="N10" x="200.0" y="-50.0" type="priority"/>
</nodes>
