<?xml version="1.0" encoding="UTF-8"?>
<routes xmlns:xsi="http://www.w3.org/2001/XMLSchema-instance" xsi:noNamespaceSchemaLocation="http://sumo.dlr.de/xsd/routes_file.xsd">
    <vType id="car" accel="2.6" decel="4.5" sigma="0.5" length="5.0" maxSpeed="50.0"/>
    
    <!-- Routes for straight movements only -->
    <route id="horizontal_top" edges="EN1_1 E1_2 E2_3 E3_N2"/>
    <route id="horizontal_bottom" edges="EN3_4 E4_5 E5_6 E6_N4"/>
    <route id="vertical_left" edges="EN5_1 E1_4 E4_N8"/>
    <route id="vertical_middle" edges="EN6_2 E2_5 E5_N9"/>
    <route id="vertical_right" edges="EN7_3 E3_6 E6_N10"/>
    
    <!-- Traffic flows -->
    <flow id="flow_h_top" route="horizontal_top" begin="0" end="3600" vehsPerHour="300" type="car"/>
    <flow id="flow_h_bottom" route="horizontal_bottom" begin="0" end="3600" vehsPerHour="300" type="car"/>
    <flow id="flow_v_left" route="vertical_left" begin="0" end="3600" vehsPerHour="200" type="car"/>
    <flow id="flow_v_middle" route="vertical_middle" begin="0" end="3600" vehsPerHour="200" type="car"/>
    <flow id="flow_v_right" route="vertical_right" begin="0" end="3600" vehsPerHour="200" type="car"/>
</routes>
