<additionals>
    <tlLogic id="J1" type="actuated" programID="0" offset="0">
        <phase duration="30" state="Grr" minDur="5" maxDur="50"/>
        <phase duration="60" state="yrr"/>
        <phase duration="30" state="rGr" minDur="5" maxDur="50"/>
        <phase duration="60" state="ryr"/>
    </tlLogic>
    <tlLogic id="J1" type="actuated" programID="1" offset="0">
        <phase duration="30" state="Grr" minDur="5" maxDur="50"/>
        <phase duration="60" state="yrr"/>
        <phase duration="30" state="rGr" minDur="5" maxDur="50"/>
        <phase duration="60" state="ryr"/>
    </tlLogic>
    <tlLogic id="J2" type="static" programID="0" offset="0">
        <phase duration="42" state="Gr"/>
        <phase duration="3"  state="yr"/>
        <phase duration="42" state="rG"/>
        <phase duration="3"  state="ry"/>
    </tlLogic>
    <tlLogic id="J3" type="static" programID="0" offset="0">
        <phase duration="42" state="Gr"/>
        <phase duration="3"  state="yr"/>
        <phase duration="42" state="rG"/>
        <phase duration="3"  state="ry"/>
    </tlLogic>
    <tlLogic id="J4" type="delay_based" programID="0" offset="0">
        <phase duration="42" state="Gr" minDur="5" maxDur="50"/>
        <phase duration="3"  state="yr"/>
        <phase duration="42" state="rG" minDur="5" maxDur="50"/>
        <phase duration="3"  state="ry"/>
    </tlLogic>
    <tlLogic id="J5" type="static" programID="0" offset="0">
        <phase duration="42" state="Gr"/>
        <phase duration="3"  state="yr"/>
        <phase duration="42" state="rG"/>
        <phase duration="3"  state="ry"/>
    </tlLogic>
    <tlLogic id="J6" type="static" programID="0" offset="0">
        <phase duration="42" state="Gr"/>
        <phase duration="3"  state="yr"/>
        <phase duration="42" state="rG"/>
        <phase duration="3"  state="ry"/>
    </tlLogic>

</additionals>
